Date/Time,Environment:Site Outdoor Air Drybulb Temperature [C](Hourly),SPACE1-1:Zone Air System Sensible Heating Rate [W](Hourly),SPACE1-1:Zone Air System Sensible Cooling Rate [W](Hourly),SPACE1-1:Zone Air Temperature [C](Hourly),SPACE1-1:Zone Predicted Sensible Load to Heating Setpoint Heat Transfer Rate [W](Hourly),SPACE1-1:Zone Predicted Sensible Load to Cooling Setpoint Heat Transfer Rate [W](Hourly),SPACE1-1 HP COOLING MODE:Cooling Coil Total Cooling Rate [W](Hourly),SPACE1-1 HP COOLING MODE:Cooling Coil Sensible Cooling Rate [W](Hourly),SPACE1-1 HP HEATING MODE:Heating Coil Heating Rate [W](Hourly),SPACE1-1 HP SUPP COIL:Heating Coil Heating Rate [W](Hourly),SPACE1-1 HEAT PUMP:Zone Water to Air Heat Pump Total Heating Rate [W](Hourly),SPACE1-1 HEAT PUMP:Zone Water to Air Heat Pump Total Cooling Rate [W](Hourly),SPACE1-1 HEAT PUMP:Zone Water to Air Heat Pump Sensible Heating Rate [W](Hourly),SPACE1-1 HEAT PUMP:Zone Water to Air Heat Pump Sensible Cooling Rate [W](Hourly),SPACE1-1 SUPPLY INLET:System Node Temperature [C](Hourly),SPACE1-1 SUPPLY INLET:System Node Mass Flow Rate [kg/s](Hourly),DOAS AIR LOOP INLET:System Node Temperature [C](Hourly),DOAS AIR LOOP INLET:System Node Mass Flow Rate [kg/s](Hourly),DOAS MIXED AIR OUTLET:System Node Temperature [C](Hourly),DOAS MIXED AIR OUTLET:System Node Mass Flow Rate [kg/s](Hourly),CONDENSER SUPPLY INLET NODE:System Node Temperature [C](Hourly),CONDENSER SUPPLY INLET NODE:System Node Mass Flow Rate [kg/s](Hourly),CONDENSER SUPPLY OUTLET NODE:System Node Temperature [C](Hourly),CONDENSER SUPPLY OUTLET NODE:System Node Mass Flow Rate [kg/s](Hourly),SPACE1-1 ZONE AIR NODE:System Node Temperature [C](Hourly),SPACE1-1 ZONE AIR NODE:System Node Mass Flow Rate [kg/s](Hourly),SPACE1-1 AIR TERMINAL MIXER SECONDARY INLET:System Node Temperature [C](Hourly),SPACE1-1 AIR TERMINAL MIXER SECONDARY INLET:System Node Mass Flow Rate [kg/s](Hourly),SPACE1-1 RETURN OUTLET:System Node Mass Flow Rate [kg/s](Hourly),DOAS OUTDOOR AIR INLET:System Node Temperature [C](Hourly),DOAS OUTDOOR AIR INLET:System Node Mass Flow Rate [kg/s](Hourly),SPACE1-1 AIR TERMINAL MIXER PRIMARY INLET:System Node Temperature [C](Hourly),SPACE1-1 AIR TERMINAL MIXER PRIMARY INLET:System Node Mass Flow Rate [kg/s](Hourly),SPACE1-1 HEAT PUMP INLET:System Node Temperature [C](Hourly),SPACE1-1 HEAT PUMP INLET:System Node Mass Flow Rate [kg/s](Hourly),SPACE1-1 ZONE UNIT FAN OUTLET:System Node Temperature [C](Hourly),SPACE1-1 ZONE UNIT FAN OUTLET:System Node Mass Flow Rate [kg/s](Hourly),SPACE1-1 COOLING COIL OUTLET:System Node Temperature [C](Hourly),SPACE1-1 COOLING COIL OUTLET:System Node Mass Flow Rate [kg/s](Hourly),SPACE1-1 HEATING COIL OUTLET:System Node Temperature [C](Hourly),SPACE1-1 HEATING COIL OUTLET:System Node Mass Flow Rate [kg/s](Hourly),DOAS HEAT RECOVERY SUPPLY OUTLET:System Node Temperature [C](Hourly),DOAS HEAT RECOVERY SUPPLY OUTLET:System Node Mass Flow Rate [kg/s](Hourly),DOAS RELIEF AIR OUTLET:System Node Temperature [C](Hourly),DOAS RELIEF AIR OUTLET:System Node Mass Flow Rate [kg/s](Hourly) 
 01/14  01:00:00,-9.900000000000003,0.0,0.0,17.284973314773276,-4840.231948260265,16621.91377124408,0.0,0.0,0.0,0.0,0.0,0.0,0.0,0.0,21.695862879767384,0.0,17.338219848793423,0.0,17.338219848793423,0.0,10.688702673062516,0.0,10.688702673062516,0.0,17.284973314773276,0.0,17.338219848793423,0.0,0.0,-9.900000000000003,0.0,17.338219848793423,0.0,21.695862879767384,0.0,21.695862879767384,0.0,21.695862879767384,0.0,21.695862879767384,0.0,-9.900000000000003,0.0,17.338219848793423,0.0 
 01/14  02:00:00,-7.575,0.0,0.0,17.168294127861058,-4717.974233244201,16787.64785296563,0.0,0.0,0.0,0.0,0.0,0.0,0.0,0.0,21.695862879767384,0.0,17.195104432237785,0.0,17.195104432237785,0.0,10.688702673062516,0.0,10.688702673062516,0.0,17.168294127861058,0.0,17.195104432237785,0.0,0.0,-7.575,0.0,17.195104432237785,0.0,21.695862879767384,0.0,21.695862879767384,0.0,21.695862879767384,0.0,21.695862879767384,0.0,-7.575,0.0,17.195104432237785,0.0 
 01/14  03:00:00,-5.674999999999999,0.0,0.0,17.22103922280328,-4763.831674256244,16679.97497924397,0.0,0.0,0.0,0.0,0.0,0.0,0.0,0.0,21.695862879767384,0.0,17.1779480738877,0.0,17.1779480738877,0.0,10.688702673062516,0.0,10.688702673062516,0.0,17.22103922280328,0.0,17.1779480738877,0.0,0.0,-5.674999999999999,0.0,17.1779480738877,0.0,21.695862879767384,0.0,21.695862879767384,0.0,21.695862879767384,0.0,21.695862879767384,0.0,-5.674999999999999,0.0,17.1779480738877,0.0 
 01/14  04:00:00,-4.4,0.0,0.0,17.342293492368378,-4873.609809093183,16451.230145158017,0.0,0.0,0.0,0.0,0.0,0.0,0.0,0.0,21.695862879767384,0.0,17.33002070253265,0.0,17.33002070253265,0.0,10.688702673062516,0.0,10.688702673062516,0.0,17.342293492368378,0.0,17.33002070253265,0.0,0.0,-4.4,0.0,17.33002070253265,0.0,21.695862879767384,0.0,21.695862879767384,0.0,21.695862879767384,0.0,21.695862879767384,0.0,-4.4,0.0,17.33002070253265,0.0 
 01/14  05:00:00,-5.4624999999999999,0.0,0.0,17.40117562558207,-4921.879340090182,16326.151369220746,0.0,0.0,0.0,0.0,0.0,0.0,0.0,0.0,21.695862879767384,0.0,17.38120696806535,0.0,17.38120696806535,0.0,10.688702673062516,0.0,10.688702673062516,0.0,17.40117562558207,0.0,17.38120696806535,0.0,0.0,-5.4624999999999999,0.0,17.38120696806535,0.0,21.695862879767384,0.0,21.695862879767384,0.0,21.695862879767384,0.0,21.695862879767384,0.0,-5.4624999999999999,0.0,17.38120696806535,0.0 
 01/14  06:00:00,-6.475,0.0,0.0,17.37146794464389,-4887.257188062602,16354.80300022123,0.0,0.0,0.0,0.0,0.0,0.0,0.0,0.0,21.695862879767384,0.0,17.401292732485975,0.0,17.401292732485975,0.0,10.688702673062516,0.0,10.688702673062516,0.0,17.37146794464389,0.0,17.401292732485975,0.0,0.0,-6.475,0.0,17.401292732485975,0.0,21.695862879767384,0.0,21.695862879767384,0.0,21.695862879767384,0.0,21.695862879767384,0.0,-6.475,0.0,17.401292732485975,0.0 
 01/14  07:00:00,-6.012499999999999,0.0,0.0,17.291793380706957,794.7803237383905,16506.188867586603,0.0,0.0,0.0,0.0,0.0,0.0,0.0,0.0,21.695862879767384,0.0,17.296780960051359,0.0,17.296780960051359,0.0,10.688702673062516,0.0,10.688702673062516,0.0,17.291793380706957,0.0,17.296780960051359,0.0,0.0,-6.012499999999999,0.0,17.296780960051359,0.0,21.695862879767384,0.0,21.695862879767384,0.0,21.695862879767384,0.0,21.695862879767384,0.0,-6.012499999999999,0.0,17.296780960051359,0.0 
 01/14  08:00:00,-4.85,3470.6202818395997,0.0,22.85470307826175,4727.0429321824599,8100.206761511932,0.0,0.0,3122.486620489749,313.8337840839117,3524.7757120555836,0.0,3524.7757120555836,0.0,37.53591878382092,0.22518883945886598,22.692056897490735,0.0,22.692056897490735,0.0,8.948723945115799,0.5475103542250296,12.739842827869055,0.5475103542250296,22.85470307826175,0.22518883945886598,22.692056897490735,0.22518883945886598,0.0,-4.85,0.0,22.692056897490735,0.0,22.69205689749073,0.22518883945886598,22.781422246990425,0.22518883945886598,22.781422246990425,0.22518883945886598,36.66053529988062,0.22518883945886598,-4.85,0.0,22.692056897490735,0.0 
 01/14  09:00:00,-4.775,759.4736832499889,0.0,22.999551535513676,760.1040065177158,2222.619421645115,0.0,0.0,1204.355566695378,0.0,1215.5919330178395,0.0,1215.5919330178395,0.0,32.12693600425172,0.08128077929723889,23.05799703129936,0.22183764440822335,16.91303428669549,0.22183764440822335,9.351064769769402,0.14353047979676065,14.647101815998284,0.14353047979676065,22.999551535513676,0.08128077929723889,22.99966252230277,0.0,0.08128077929723889,-4.775,0.22183764440822335,17.411730264044985,0.08128077929723889,17.411730264044988,0.08128077929723889,17.501213508073336,0.08128077929723889,17.501213508073336,0.08128077929723889,32.12693600425172,0.08128077929723889,16.91303428669549,0.22183764440822335,23.05799703129936,0.22183764440822335 
 01/14  10:00:00,-4.625,0.0,0.0,23.268592491552796,-329.5593714855495,1073.6983384626975,0.0,0.0,0.0,0.0,0.0,0.0,0.0,0.0,17.913660475747059,0.0,23.99968630241278,0.09358235628595337,18.01635507645308,0.09355726042772765,13.494585133218765,0.06444521093761935,11.970572782592221,0.06444521093761935,23.268592491552796,0.0,23.166354882480495,0.0,0.0,-4.625,0.09355726042772765,18.242578741216108,0.0,17.913660475747059,0.0,17.913660475747059,0.0,17.913660475747059,0.0,17.913660475747059,0.0,18.01635507645308,0.09355726042772765,23.99968630997773,0.09355726042772765 
 01/14  11:00:00,-4.4,0.0,29.654633292123905,23.87041532062316,-996.3071979043562,114.29585295786,27.65845349817354,18.66616167601013,0.0,0.0,0.0,27.736332766706935,0.0,18.6598009116856,16.310438682246209,0.001988940103901476,23.999027368379918,0.150016847118757,18.278215099762897,0.14992092998133353,16.554193014788994,0.10192858502335843,10.166139804797544,0.10192858502335843,23.87041532062316,0.001988940103901476,23.748284496364588,0.0,0.001988940103901476,-4.4,0.14992092998133353,18.625038619004465,0.001988940103901476,18.60875994342265,0.001988940103901476,18.631081471687286,0.001988940103901476,16.310438682246209,0.001988940103901476,16.310438682246209,0.001988940103901476,18.278215099762897,0.14992092998133353,23.99902739231206,0.14992092998133353 
 01/14  12:00:00,-4.0875,0.0,110.2363858158471,23.999999909571419,-1197.1451782759432,-110.2362864130846,106.15929642725684,71.29580432552598,0.0,0.0,0.0,106.65080345543062,0.0,71.40103754075384,9.69481729502279,0.007506687241880647,23.999999351738717,0.1695713042405708,18.61006503484441,0.16944063451072217,16.64886722018785,0.1144512933496387,10.582413980299256,0.1144512933496387,23.999999909571419,0.007506687241880647,23.99995020425512,0.0,0.007506687241880647,-4.0875,0.16944063451072217,18.99780437372657,0.007506687241880647,18.99780437372657,0.007506687241880647,19.08706562474213,0.007506687241880647,9.69481729502279,0.007506687241880647,9.69481729502279,0.007506687241880647,18.61006503484441,0.16944063451072217,23.999999351746867,0.16944063451072217 
 01/14  13:00:00,-3.9,0.0,229.9230856838612,23.952078007562237,-1224.5769938606518,-178.94904083717757,228.7932351081517,148.51554290480289,0.0,0.0,0.0,230.11176976406024,0.0,148.86021105410505,14.443343407176329,0.015893465661981307,23.996363424953615,0.12164699259953857,18.786801355057233,0.12155436561087273,16.571034129178949,0.08306017543480507,10.62889165412453,0.08306017543480507,23.952078007562237,0.015893465661981307,23.952175744622808,0.0,0.015893465661981307,-3.9,0.12155436561087273,19.07347159448902,0.015893465661981307,19.066226803524964,0.015893465661981307,19.11083290388359,0.015893465661981307,14.443343407176329,0.015893465661981307,14.443343407176329,0.015893465661981307,18.786801355057233,0.12155436561087273,23.9963637041854,0.12155436561087273 
 01/14  14:00:00,-3.5249999999999996,0.0,1646.5877871873977,23.999216971491749,-2576.3085810697868,-1645.8686397988668,1778.8943322592623,1164.114789307835,0.0,0.0,0.0,1797.3246640271114,0.0,1172.4666242446149,10.606874144980879,0.11993054852693455,23.999673770742065,0.2846854554804539,18.60754787891283,0.28462972678732836,16.945785201705946,0.20610309168420816,11.272527490756517,0.20610309168420816,23.999216971491749,0.11993054852693455,23.999289183134633,0.024788713855326929,0.09514183467160761,-3.5249999999999996,0.28462972678732836,19.22793489101826,0.09514183467160761,20.095653742866746,0.11993054852693455,20.1847501055667,0.11993054852693455,10.606874144980879,0.11993054852693455,10.606874144980879,0.11993054852693455,18.60754787891283,0.28462972678732836,23.999673770154034,0.28462972678732836 
 01/14  15:00:00,-2.9875,0.0,2477.046831811939,23.99886386320645,-3575.261475376493,-2475.786746399538,2476.4386959765208,1833.792094566815,0.0,0.0,0.0,2498.1064214236137,0.0,1845.6896958229552,10.177517827471633,0.1752906664003217,23.999678888909484,0.33736753313834647,18.237901419541737,0.33736753313834647,17.363517997817966,0.259454548180033,11.715079559392518,0.259454548180033,23.99886386320645,0.1752906664003217,23.99910894012456,0.053186801490969558,0.12210386490935213,-2.9875,0.33736753313834647,18.96674673522505,0.12210386490935213,20.490587036125537,0.1752906664003217,20.579907389344876,0.1752906664003217,10.177517827471633,0.1752906664003217,10.177517827471633,0.1752906664003217,18.237901419541737,0.33736753313834647,23.999678888909484,0.33736753313834647 
 01/14  16:00:00,-3.4875,0.0,2249.3226950958899,23.998858216154916,-3369.786627694708,-2248.0364637197837,2060.502216700885,1619.2095956539707,0.0,0.0,0.0,2071.265359743793,0.0,1624.6833657940165,9.528505077076022,0.15270962289464486,23.999451800608815,0.3204546635907217,18.296520713652748,0.3204546635907217,17.479617673984014,0.23346515560473575,11.804761967856713,0.23346515560473575,23.998858216154916,0.15270962289464486,23.99855499810161,0.03060575798529274,0.12210386490935213,-3.4875,0.3204546635907217,18.99357163512066,0.12210386490935213,19.962877347821889,0.15270962289464486,20.052356677625278,0.15270962289464486,9.528505077076022,0.15270962289464486,9.528505077076022,0.15270962289464486,18.296520713652748,0.3204546635907217,23.999451800608815,0.3204546635907217 
 01/14  17:00:00,-4.9624999999999999,0.0,1109.4213494486915,23.999989240714848,-2141.185559215026,-1109.4096549968745,896.7008250299692,704.0962299984369,0.0,0.0,0.0,894.8762965455445,0.0,701.2989148541155,8.434471093649468,0.07040089774379292,23.999950476143419,0.20728321603108436,17.667519239885459,0.20716869240096057,17.253597494534508,0.13923862661719986,11.46879386297347,0.13923862661719986,23.999989240714848,0.07040089774379292,23.99987743467858,0.0,0.07040089774379292,-4.9624999999999999,0.20716869240096057,18.13585941071562,0.07040089774379292,18.13585941071562,0.07040089774379292,18.22545468127351,0.07040089774379292,8.434471093649468,0.07040089774379292,8.434471093649468,0.07040089774379292,17.667519239885459,0.20716869240096057,23.999950476608956,0.20716869240096057 
 01/14  18:00:00,-6.2875,0.0,347.2947232340323,23.99999999995212,-1312.7223942722358,-347.2947231868684,256.9870971598579,193.86337873847379,0.0,0.0,0.0,254.9144777988713,0.0,191.83282412106574,7.708758020943006,0.02095458451086997,23.999999999678388,0.13324731573853433,16.35364996043965,0.13324731573853433,16.89714061432045,0.0909428323923323,11.266235609079356,0.0909428323923323,23.99999999995212,0.02095458451086997,23.99999999842007,0.0,0.02095458451086997,-6.2875,0.13324731573853433,16.66074938289067,0.02095458451086997,16.66074938289067,0.02095458451086997,16.750376468604626,0.02095458451086997,7.708758020943006,0.02095458451086997,7.708758020943006,0.02095458451086997,16.35364996043965,0.13324731573853433,23.999999999678388,0.13324731573853433 
 01/14  19:00:00,-7.0125,181.74956044364078,0.0,23.154138331662649,-128.5003570716741,1292.0795913813323,0.0,0.0,383.5186625525535,0.0,385.7688122010178,0.0,385.7688122010181,0.0,24.61159965826915,0.025941115647716709,23.365054278425899,0.14093249142115528,15.192288880997204,0.14093898099184905,14.386885834150402,0.09786622024538978,12.946849001208005,0.09786622024538978,23.154138331662649,0.025941115647716709,23.280062131566515,0.0,0.025941115647716709,-7.012499999999999,0.14093898099184905,15.519543199978888,0.025941115647716709,15.558524744153603,0.025941115647716709,15.614181706209488,0.025941115647716709,15.614181706209488,0.025941115647716709,24.61159965826915,0.025941115647716709,15.192288880997204,0.14093898099184905,23.365269262318806,0.14093898099184905 
 01/14  20:00:00,-7.2,945.6983616176256,0.0,22.999999781187925,945.698435098434,2017.7395036656818,0.0,0.0,1019.2149202248265,0.0,1048.2893713962963,0.0,1048.2893713962965,0.0,36.02219092102806,0.07081063735204897,22.99998764554262,0.03552112433726608,14.648038371787314,0.03552112433726608,10.771553485889753,0.1406213782655966,15.22382345411847,0.1406213782655966,22.999999781187925,0.07081063735204897,22.99990700824816,0.058600250861113759,0.012210386490935213,-7.2,0.03552112433726608,14.764301729143245,0.012210386490935213,21.570415373169529,0.07081063735204897,21.659412698274499,0.07081063735204897,21.659412698274499,0.07081063735204897,36.02219092102806,0.07081063735204897,14.648038371787314,0.03552112433726608,22.99998764554262,0.03552112433726608 
 01/14  21:00:00,-8.575000000000001,1212.803329928975,0.0,23.00000493796661,1212.797807227097,2330.629591952642,0.0,0.0,1294.7999641982847,0.0,1332.2321674797589,0.0,1332.2321674797584,0.0,36.223263110650638,0.08955880072538775,23.000008017846658,0.03552112433726608,13.27202283270469,0.03552112433726608,10.699254417980228,0.17031924162393295,14.720273491179235,0.17031924162393295,23.00000493796661,0.08955880072538775,23.00000462776772,0.07734841423445255,0.012210386490935213,-8.575000000000001,0.03552112433726608,13.388410851917366,0.012210386490935213,21.693448201452989,0.08955880072538775,21.782441923611743,0.08955880072538775,21.782441923611743,0.08955880072538775,36.223263110650638,0.08955880072538775,13.27202283270469,0.03552112433726608,23.000008017846658,0.03552112433726608 
 01/14  22:00:00,-9.4,0.0,0.0,19.929578451177418,-21126.105187004996,35157.6099161646,0.0,0.0,0.0,0.0,0.0,0.0,0.0,0.0,21.697004665329115,0.0,20.20502755646148,0.0,20.20502755646148,0.0,10.636292367896982,0.0,10.636292367896982,0.0,19.929578451177418,0.0,20.20502755646148,0.0,0.0,-9.4,0.0,20.20502755646148,0.0,21.697004665329115,0.0,21.697004665329115,0.0,21.697004665329115,0.0,21.697004665329115,0.0,-9.4,0.0,20.20502755646148,0.0 
 01/14  23:00:00,-10.837499999999999,0.0,0.0,18.385078088455964,-7617.225638532339,19040.503608155013,0.0,0.0,0.0,0.0,0.0,0.0,0.0,0.0,21.697004665329115,0.0,18.586025531660114,0.0,18.586025531660114,0.0,10.636292367896982,0.0,10.636292367896982,0.0,18.385078088455964,0.0,18.586025531660114,0.0,0.0,-10.837499999999999,0.0,18.586025531660114,0.0,21.697004665329115,0.0,21.697004665329115,0.0,21.697004665329115,0.0,21.697004665329115,0.0,-10.837499999999999,0.0,18.586025531660114,0.0 
 01/14  24:00:00,-13.3875,0.0,0.0,17.669451004629417,-5245.0362812753369,16099.373490697655,0.0,0.0,0.0,0.0,0.0,0.0,0.0,0.0,21.697004665329115,0.0,17.82637253394148,0.0,17.82637253394148,0.0,10.636292367896982,0.0,10.636292367896982,0.0,17.669451004629417,0.0,17.82637253394148,0.0,0.0,-13.3875,0.0,17.82637253394148,0.0,21.697004665329115,0.0,21.697004665329115,0.0,21.697004665329115,0.0,21.697004665329115,0.0,-13.3875,0.0,17.82637253394148,0.0 
 07/07  01:00:00,21.1,0.0,0.0,23.413358972472353,-8001.8253443342459,6597.8783921099989,0.0,0.0,0.0,0.0,0.0,0.0,0.0,0.0,24.001871255237526,0.0,23.465892001728414,0.0,23.465892001728414,0.0,20.27687743172585,0.0,20.27687743172585,0.0,23.413358972472353,0.0,23.465892001728414,0.0,0.0,21.1,0.0,23.465892001728414,0.0,24.001871255237526,0.0,24.001871255237526,0.0,24.001871255237526,0.0,24.001871255237526,0.0,21.1,0.0,23.465892001728414,0.0 
 07/07  02:00:00,20.7875,0.0,0.0,23.221344229299445,-7759.175547425337,6663.7751839471179,0.0,0.0,0.0,0.0,0.0,0.0,0.0,0.0,24.001871255237526,0.0,23.261569312974726,0.0,23.261569312974726,0.0,20.27687743172585,0.0,20.27687743172585,0.0,23.221344229299445,0.0,23.261569312974726,0.0,0.0,20.7875,0.0,23.261569312974726,0.0,24.001871255237526,0.0,24.001871255237526,0.0,24.001871255237526,0.0,24.001871255237526,0.0,20.7875,0.0,23.261569312974726,0.0 
 07/07  03:00:00,20.9125,0.0,0.0,23.121541509929768,-7514.082205343637,6591.072081890926,0.0,0.0,0.0,0.0,0.0,0.0,0.0,0.0,24.001871255237526,0.0,23.13739310544406,0.0,23.13739310544406,0.0,20.27687743172585,0.0,20.27687743172585,0.0,23.121541509929768,0.0,23.13739310544406,0.0,0.0,20.9125,0.0,23.13739310544406,0.0,24.001871255237526,0.0,24.001871255237526,0.0,24.001871255237526,0.0,24.001871255237526,0.0,20.9125,0.0,23.13739310544406,0.0 
 07/07  04:00:00,21.1,0.0,0.0,23.090693733678358,-7397.32396813154,6531.453448627553,0.0,0.0,0.0,0.0,0.0,0.0,0.0,0.0,24.001871255237526,0.0,23.09678718859032,0.0,23.09678718859032,0.0,20.27687743172585,0.0,20.27687743172585,0.0,23.090693733678358,0.0,23.09678718859032,0.0,0.0,21.1,0.0,23.09678718859032,0.0,24.001871255237526,0.0,24.001871255237526,0.0,24.001871255237526,0.0,24.001871255237526,0.0,21.1,0.0,23.09678718859032,0.0 
 07/07  05:00:00,20.7875,0.0,0.0,23.04232260979272,-7528.7280188349709,6715.319973480332,0.0,0.0,0.0,0.0,0.0,0.0,0.0,0.0,24.001871255237526,0.0,23.05669480476475,0.0,23.05669480476475,0.0,20.27687743172585,0.0,20.27687743172585,0.0,23.04232260979272,0.0,23.05669480476475,0.0,0.0,20.7875,0.0,23.05669480476475,0.0,24.001871255237526,0.0,24.001871255237526,0.0,24.001871255237526,0.0,24.001871255237526,0.0,20.7875,0.0,23.05669480476475,0.0 
 07/07  06:00:00,20.6,0.0,0.0,23.06075964154354,-7335.574951735305,6517.210827625018,0.0,0.0,0.0,0.0,0.0,0.0,0.0,0.0,24.001871255237526,0.0,23.040545688438898,0.0,23.040545688438898,0.0,20.27687743172585,0.0,20.27687743172585,0.0,23.06075964154354,0.0,23.040545688438898,0.0,0.0,20.6,0.0,23.040545688438898,0.0,24.001871255237526,0.0,24.001871255237526,0.0,24.001871255237526,0.0,24.001871255237526,0.0,20.6,0.0,23.040545688438898,0.0 
 07/07  07:00:00,20.9125,0.0,0.0,23.256475628665628,-3980.552261097127,6620.277289903879,0.0,0.0,0.0,0.0,0.0,0.0,0.0,0.0,24.001871255237526,0.0,23.19025245289421,0.0,23.19025245289421,0.0,20.27687743172585,0.0,20.27687743172585,0.0,23.256475628665628,0.0,23.19025245289421,0.0,0.0,20.9125,0.0,23.19025245289421,0.0,24.001871255237526,0.0,24.001871255237526,0.0,24.001871255237526,0.0,24.001871255237526,0.0,20.9125,0.0,23.19025245289421,0.0 
 07/07  08:00:00,21.474999999999999,0.0,0.0,23.623175945987034,-477.96336939996038,288.2879319370968,0.0,0.0,0.0,0.0,0.0,0.0,0.0,0.0,23.951648641784816,0.0,23.513678161132267,0.0,23.513678161132267,0.0,20.246217440585899,0.015824394333163583,7.3129602366209689,0.015824394333163583,23.623175945987034,0.0,23.513678161132267,0.0,0.0,21.474999999999999,0.0,23.513678161132267,0.0,23.951648641784816,0.0,23.951648641784816,0.0,23.951648641784816,0.0,23.951648641784816,0.0,21.474999999999999,0.0,23.513678161132267,0.0 
 07/07  09:00:00,22.7,0.0,1487.919273151214,23.998560274339526,-2517.9052623240966,-1485.9406565410619,2119.5563640285729,1538.9018160912647,0.0,0.0,0.0,2179.175218424638,0.0,1578.9161756561073,12.915309149087705,0.13122676850674129,23.979672730456984,0.5421668151331371,23.605971978792334,0.5421668151331371,19.557471389692265,0.44500403848136918,13.016932343950208,0.44500403848136918,23.998560274339526,0.13122676850674129,23.974428451239008,0.0134820795739168,0.11774468893282447,22.7,0.5421668151331371,24.72506863838136,0.11774468893282447,24.644303346996059,0.13122676850674129,24.733212028227685,0.13122676850674129,12.915309149087705,0.13122676850674129,12.915309149087705,0.13122676850674129,23.605971978792334,0.5421668151331371,23.979672730456984,0.5421668151331371 
 07/07  10:00:00,23.3,0.0,2329.2553479545147,24.000107951621204,-3737.8605579829138,-2329.4265467864727,3208.1188797055035,2391.8841893909277,0.0,0.0,0.0,3295.0421739656987,0.0,2451.935830349058,12.892385398755412,0.20483072952736207,24.000234212751857,0.5772182704805737,23.786163861147153,0.5772182704805737,22.467791630243864,0.6562223146319999,16.60809784158772,0.6562223146319999,24.000107951621204,0.20483072952736207,24.000120479244584,0.08272686461800993,0.12210386490935213,23.3,0.5772182704805737,24.970794536185357,0.12210386490935213,24.579863557260663,0.20483072952736207,24.6688273567487,0.20483072952736207,12.892385398755412,0.20483072952736207,12.892385398755412,0.20483072952736207,23.786163861147153,0.5772182704805737,24.000234212751857,0.5772182704805737 
 07/07  11:00:00,25.7375,0.0,2733.6703654359637,24.000206838872047,-4379.156032308673,-2734.010652726901,3643.0820259953354,2876.653210268759,0.0,0.0,0.0,3741.182822641681,0.0,2949.538845595335,12.821709022397006,0.23914534199344895,24.000237136468788,0.5772182704805737,24.531506695538874,0.5772182704805737,24.57703823086129,0.7291370550229261,18.407209850788808,0.7291370550229261,24.000206838872047,0.23914534199344895,24.000289958825478,0.11704147708409683,0.12210386490935213,25.7375,0.5772182704805737,25.717469774140068,0.12210386490935213,24.872123436472529,0.23914534199344895,24.961189137693915,0.23914534199344895,12.821709022397006,0.23914534199344895,12.821709022397006,0.23914534199344895,24.531506695538874,0.5772182704805737,24.000237136468788,0.5772182704805737 
 07/07  12:00:00,28.262499999999997,0.0,2888.3064671019635,24.000259791942115,-4574.272846441406,-2888.7442112798009,3654.0346122180419,3025.8052933800775,0.0,0.0,0.0,3746.9943749381716,0.0,3098.9111409673539,12.531818584007418,0.24654941952146543,24.000303260792017,0.461774616384459,25.127781443236715,0.461774616384459,25.239067307139874,0.7181110857942951,18.905271440418127,0.7181110857942951,24.000259791942115,0.24654941952146543,24.000358594797356,0.14886632759398372,0.0976830919274817,28.262499999999997,0.461774616384459,26.102120896384777,0.0976830919274817,24.832672680175074,0.24654941952146543,24.921855241795418,0.24654941952146543,12.531818584007418,0.24654941952146543,12.531818584007418,0.24654941952146543,25.127781443236715,0.461774616384459,24.000303260792017,0.461774616384459 
 07/07  13:00:00,27.8375,0.0,2670.4018421016746,24.000291237706173,-4368.852317620846,-2670.896382948663,3151.757207429244,2675.9067669335047,0.0,0.0,0.0,3221.875367067279,0.0,2732.423474073529,11.997133820481104,0.21813614417348677,24.000359849675879,0.2308873081922295,24.707230593065114,0.2308873081922295,24.432236711431565,0.6158419396826302,17.90858730380652,0.6158419396826302,24.000291237706173,0.21813614417348677,24.0004073123882,0.1692945982097459,0.04884154596374085,27.8375,0.2308873081922295,25.22342836590093,0.04884154596374085,24.274195391047017,0.21813614417348677,24.363488721879365,0.21813614417348677,11.997133820481104,0.21813614417348677,11.997133820481104,0.21813614417348677,24.707230593065114,0.2308873081922295,24.000359849675879,0.2308873081922295 
 07/07  14:00:00,26.8875,0.0,2840.1529132865346,24.000004840312039,-3957.3610879172695,-2840.1583250258074,3400.1358094287786,2948.7453018195776,0.0,0.0,0.0,3480.684736403967,0.0,3015.7549423229968,12.156163309229355,0.23515869211238164,24.000013510446246,0.461774616384459,24.769177726451195,0.461774616384459,24.698083477088667,0.6870186173196927,18.716929245909566,0.6870186173196927,24.000004840312039,0.23515869211238164,24.000014931525539,0.13747560018489994,0.0976830919274817,26.8875,0.461774616384459,25.74425767152319,0.0976830919274817,24.725064036066614,0.23515869211238164,24.814368442880427,0.23515869211238164,12.156163309229355,0.23515869211238164,12.156163309229355,0.23515869211238164,24.769177726451195,0.461774616384459,24.000013510446246,0.461774616384459 
 07/07  15:00:00,26.7,0.0,2814.726222110954,24.000004781185127,-3922.7659878318766,-2814.7315202615029,3503.7622413589017,2994.3303237207985,0.0,0.0,0.0,3592.9835712802498,0.0,3067.408126730007,12.464514364285048,0.2390952040339263,24.00000399713657,0.5772182704805737,24.826568527544326,0.5772182704805737,25.475936117158189,0.710664430413184,19.324479140230595,0.710664430413184,24.000004781185127,0.2390952040339263,24.00000418559626,0.11699133912457417,0.12210386490935213,26.7,0.5772182704805737,26.014704150993155,0.12210386490935213,25.029405384609789,0.2390952040339263,25.118646320877454,0.2390952040339263,12.464514364285048,0.2390952040339263,12.464514364285048,0.2390952040339263,24.826568527544326,0.5772182704805737,24.00000399713657,0.5772182704805737 
 07/07  16:00:00,26.012500000000004,0.0,2611.4676366966266,24.000005838139768,-3706.3895762438135,-2611.474028089624,3342.401429906363,2769.3823401222127,0.0,0.0,0.0,3429.6551926571917,0.0,2838.161147928555,12.631690786259802,0.22492265712289617,24.000004935820568,0.5772182704805737,24.61669866555362,0.5772182704805737,25.596347485758647,0.6740650569986277,19.181891634289465,0.6740650569986277,24.000005838139768,0.22492265712289617,24.00000548032902,0.10281879221354404,0.12210386490935213,26.012500000000004,0.5772182704805737,25.803852553487446,0.12210386490935213,24.979189129143394,0.22492265712289617,25.068357697833556,0.22492265712289617,12.631690786259802,0.22492265712289617,12.631690786259802,0.22492265712289617,24.61669866555362,0.5772182704805737,24.000004935820568,0.5772182704805737 
 07/07  17:00:00,24.5375,0.0,2246.053306114078,24.00001157580209,-3314.7654319382447,-2246.065663992681,2991.571381405068,2357.815420455424,0.0,0.0,0.0,3071.8959641594567,0.0,2417.324913864746,12.82069279155424,0.196571799079883,24.000008765401579,0.5772182704805737,24.165277912419414,0.5772182704805737,24.98950792756088,0.5951370835170882,18.29931618356452,0.5951370835170882,24.00001157580209,0.196571799079883,24.000009702941499,0.07446793417053088,0.12210386490935213,24.5375,0.5772182704805737,25.350795810996368,0.12210386490935213,24.83806781734521,0.196571799079883,24.92712835909523,0.196571799079883,12.82069279155424,0.196571799079883,12.82069279155424,0.196571799079883,24.165277912419414,0.5772182704805737,24.000008765401579,0.5772182704805737 
 07/07  18:00:00,23.525,0.0,2088.5831006235719,24.000013546588549,-3130.965944956689,-2088.5972199835789,2878.193500978892,2165.9543163905989,0.0,0.0,0.0,2957.116164222913,0.0,2221.161966135147,12.99187345196412,0.18547556177244738,24.000011699667505,0.5772182704805737,23.853582463619007,0.5772182704805737,24.550455842882664,0.567351545158462,17.905514357011044,0.567351545158462,24.000013546588549,0.18547556177244738,24.000013474959738,0.06337169686309524,0.12210386490935213,23.525,0.5772182704805737,25.03777407028463,0.12210386490935213,24.68329835079836,0.18547556177244738,24.77226077627109,0.18547556177244738,12.99187345196412,0.18547556177244738,12.99187345196412,0.18547556177244738,23.853582463619007,0.5772182704805737,24.000011699667505,0.5772182704805737 
 07/07  19:00:00,23.3,0.0,1258.6132417647185,24.00000156868869,-2249.513349599436,-1258.6148152535416,1681.8167236256457,1260.101939668841,0.0,0.0,0.0,1724.8236440659533,0.0,1289.8575036331359,12.598026272382855,0.10793332504425048,24.00000436148337,0.28860913524028689,23.85644304846077,0.28860913524028689,22.14250066811498,0.3308712561685163,14.269514661069162,0.3308712561685163,24.00000156868869,0.10793332504425048,24.000004827999214,0.04688139258957441,0.061051932454676067,23.3,0.28860913524028689,24.489336015291238,0.061051932454676067,24.27809311298165,0.10793332504425048,24.367102927721019,0.10793332504425048,12.598026272382855,0.10793332504425048,12.598026272382855,0.10793332504425048,23.85644304846077,0.28860913524028689,24.00000436148337,0.28860913524028689 
 07/07  20:00:00,22.9875,0.0,724.3334514683123,24.000000055243676,-1623.4553155668046,-724.3335013232536,917.3611218327106,709.3905320426777,0.0,0.0,0.0,938.8641624288839,0.0,724.7796212085657,12.158171598176887,0.05986821713752697,24.00009720243424,0.057721827048057377,23.87543560561486,0.057721827048057377,20.415752814796,0.18481367245152237,13.280366353596003,0.18481367245152237,24.000000055243676,0.05986821713752697,24.000000256153709,0.047657830646591767,0.012210386490935213,22.9875,0.057721827048057377,24.03010023376957,0.012210386490935213,24.005893090899403,0.05986821713752697,24.095012764930119,0.05986821713752697,12.158171598176887,0.05986821713752697,12.158171598176887,0.05986821713752697,23.87543560561486,0.057721827048057377,24.000097202434245,0.05772182704805737 
 07/07  21:00:00,22.8,0.0,591.8477289159619,24.00000002258753,-1469.3585525905274,-591.8477489766938,723.5067543655208,579.8686351117108,0.0,0.0,0.0,739.7394785914366,0.0,592.0115280391844,11.896045140027397,0.047889034354388158,24.000126113364354,0.057721827048057377,23.85197399358563,0.057721827048057377,19.605420063494269,0.14949330846710194,12.805650636844892,0.14949330846710194,24.00000002258753,0.047889034354388158,24.00000002417773,0.03567864786345295,0.012210386490935213,22.8,0.057721827048057377,24.006789995834436,0.012210386490935213,24.001735556257367,0.047889034354388158,24.09094364418471,0.047889034354388158,11.896045140027397,0.047889034354388158,11.896045140027397,0.047889034354388158,23.85197399358563,0.057721827048057377,24.00012611336436,0.057721827048057377 
 07/07  22:00:00,22.1125,0.0,0.0,24.14082483313028,-9214.488989304467,6499.600944107809,0.0,0.0,0.0,0.0,0.0,0.0,0.0,0.0,24.001865247631775,0.0,24.120058972266699,0.0,24.120058972266699,0.0,19.331753925556855,0.0,19.331753925556855,0.0,24.14082483313028,0.0,24.120058972266699,0.0,0.0,22.1125,0.0,24.120058972266699,0.0,24.001865247631775,0.0,24.001865247631775,0.0,24.001865247631775,0.0,24.001865247631775,0.0,22.1125,0.0,24.120058972266699,0.0 
 07/07  23:00:00,21.324999999999997,0.0,0.0,23.862981569859394,-8502.862011946127,6368.9650411305769,0.0,0.0,0.0,0.0,0.0,0.0,0.0,0.0,24.001865247631775,0.0,23.946668165386677,0.0,23.946668165386677,0.0,19.331753925556855,0.0,19.331753925556855,0.0,23.862981569859394,0.0,23.946668165386677,0.0,0.0,21.324999999999997,0.0,23.946668165386677,0.0,24.001865247631775,0.0,24.001865247631775,0.0,24.001865247631775,0.0,24.001865247631775,0.0,21.324999999999997,0.0,23.946668165386677,0.0 
 07/07  24:00:00,21.1,0.0,0.0,23.609368745693673,-8241.12625796417,6517.461666796716,0.0,0.0,0.0,0.0,0.0,0.0,0.0,0.0,24.001865247631775,0.0,23.66148224786815,0.0,23.66148224786815,0.0,19.331753925556855,0.0,19.331753925556855,0.0,23.609368745693673,0.0,23.66148224786815,0.0,0.0,21.1,0.0,23.66148224786815,0.0,24.001865247631775,0.0,24.001865247631775,0.0,24.001865247631775,0.0,24.001865247631775,0.0,21.1,0.0,23.66148224786815,0.0 
